epoch,train_loss,val_loss,train_precision,train_recall,train_f1,train_accuracy,val_precision,val_recall,val_f1,val_accuracy,map50,map50_95,lr,focal_loss,iou_loss,box_loss,small_object_recall,occlusion_aware_f1
1,0.0,0.0,0.38586648315413075,0.13022348710618512,0.19472914371261818,0.2580449851301579,0.37830047368052033,0.1276700853982207,0.19091092520844918,0.2529852795393705,0.2528396341690714,0.15553704243954738,0.001,0.1,0.05,0.15,0.14043709393804277,0.20045647146887166
2,0.0,0.0,0.5208573543207896,0.1395806376723733,0.22016177910368828,0.33021899599658144,0.510644465020382,0.1368437624238954,0.2158448814742042,0.3237441137221387,0.3257369470145039,0.21855712609781894,0.001,0.1,0.05,0.15,0.15052813866628495,0.2266371255479144
3,0.0,0.0,0.6002911899467194,0.176573856782311,0.2728806786909188,0.38843252336451517,0.588520774457568,0.17311162429638333,0.2675300771479596,0.38081619937697564,0.38343375047621764,0.24552650190154363,0.001,0.1,0.05,0.15,0.19042278672602167,0.2809065810053576
4,0.0,0.0,0.569211484298363,0.1887732797357287,0.283519996318584,0.3789923820170458,0.5580504748023166,0.1850718428781654,0.2779607807044941,0.371561158840241,0.3737849564622312,0.24470338585376525,0.001,0.1,0.05,0.15,0.20357902716598195,0.29185881973971883
5,0.0,0.0,0.594545870666687,0.21372247960046645,0.31441987719326975,0.4041341751335767,0.5828881084967519,0.20953184274555534,0.3082547815620292,0.3962099756211536,0.3968599796114998,0.25677233188255116,0.001,0.1,0.05,0.15,0.2304850270201109,0.32366752064013066
6,0.0,0.0,0.594396550518427,0.21361803056091105,0.31428596331599623,0.404007290539669,0.5827417161945363,0.2094294417263834,0.30812349344705514,0.3960855789604598,0.3967387856064711,0.25663505252318236,0.001,0.1,0.05,0.15,0.23037238589902176,0.3235296681194079
