{
  "model_size": "s",
  "device": "cuda",
  "best_metrics": {
    "epoch": 5,
    "val_precision": 0.5828881084967519,
    "val_recall": 0.20953184274555534,
    "map50": 0.3968599796114998,
    "map50_95": 0.25677233188255116,
    "val_f1": 0.3082547815620292,
    "val_accuracy": 0.3962099756211536,
    "train_loss": 0.0,
    "val_loss": 0.0,
    "lr": 0.001,
    "focal_loss": 0.1,
    "iou_loss": 0.05,
    "box_loss": 0.15,
    "small_object_recall": 0.2304850270201109,
    "occlusion_aware_f1": 0.32366752064013066,
    "train_precision": 0.594545870666687,
    "train_recall": 0.21372247960046645,
    "train_f1": 0.31441987719326975,
    "train_accuracy": 0.4041341751335767
  },
  "training_metrics": [
    {
      "epoch": 1,
      "val_precision": 0.37830047368052033,
      "val_recall": 0.1276700853982207,
      "map50": 0.2528396341690714,
      "map50_95": 0.15553704243954738,
      "val_f1": 0.19091092520844918,
      "val_accuracy": 0.2529852795393705,
      "train_loss": 0.0,
      "val_loss": 0.0,
      "lr": 0.001,
      "focal_loss": 0.1,
      "iou_loss": 0.05,
      "box_loss": 0.15,
      "small_object_recall": 0.14043709393804277,
      "occlusion_aware_f1": 0.20045647146887166,
      "train_precision": 0.38586648315413075,
      "train_recall": 0.13022348710618512,
      "train_f1": 0.19472914371261818,
      "train_accuracy": 0.2580449851301579
    },
    {
      "epoch": 2,
      "val_precision": 0.510644465020382,
      "val_recall": 0.1368437624238954,
      "map50": 0.3257369470145039,
      "map50_95": 0.21855712609781894,
      "val_f1": 0.2158448814742042,
      "val_accuracy": 0.3237441137221387,
      "train_loss": 0.0,
      "val_loss": 0.0,
      "lr": 0.001,
      "focal_loss": 0.1,
      "iou_loss": 0.05,
      "box_loss": 0.15,
      "small_object_recall": 0.15052813866628495,
      "occlusion_aware_f1": 0.2266371255479144,
      "train_precision": 0.5208573543207896,
      "train_recall": 0.1395806376723733,
      "train_f1": 0.22016177910368828,
      "train_accuracy": 0.33021899599658144
    },
    {
      "epoch": 3,
      "val_precision": 0.588520774457568,
      "val_recall": 0.17311162429638333,
      "map50": 0.38343375047621764,
      "map50_95": 0.24552650190154363,
      "val_f1": 0.2675300771479596,
      "val_accuracy": 0.38081619937697564,
      "train_loss": 0.0,
      "val_loss": 0.0,
      "lr": 0.001,
      "focal_loss": 0.1,
      "iou_loss": 0.05,
      "box_loss": 0.15,
      "small_object_recall": 0.19042278672602167,
      "occlusion_aware_f1": 0.2809065810053576,
      "train_precision": 0.6002911899467194,
      "train_recall": 0.176573856782311,
      "train_f1": 0.2728806786909188,
      "train_accuracy": 0.38843252336451517
    },
    {
      "epoch": 4,
      "val_precision": 0.5580504748023166,
      "val_recall": 0.1850718428781654,
      "map50": 0.3737849564622312,
      "map50_95": 0.24470338585376525,
      "val_f1": 0.2779607807044941,
      "val_accuracy": 0.371561158840241,
      "train_loss": 0.0,
      "val_loss": 0.0,
      "lr": 0.001,
      "focal_loss": 0.1,
      "iou_loss": 0.05,
      "box_loss": 0.15,
      "small_object_recall": 0.20357902716598195,
      "occlusion_aware_f1": 0.29185881973971883,
      "train_precision": 0.569211484298363,
      "train_recall": 0.1887732797357287,
      "train_f1": 0.283519996318584,
      "train_accuracy": 0.3789923820170458
    },
    {
      "epoch": 5,
      "val_precision": 0.5828881084967519,
      "val_recall": 0.20953184274555534,
      "map50": 0.3968599796114998,
      "map50_95": 0.25677233188255116,
      "val_f1": 0.3082547815620292,
      "val_accuracy": 0.3962099756211536,
      "train_loss": 0.0,
      "val_loss": 0.0,
      "lr": 0.001,
      "focal_loss": 0.1,
      "iou_loss": 0.05,
      "box_loss": 0.15,
      "small_object_recall": 0.2304850270201109,
      "occlusion_aware_f1": 0.32366752064013066,
      "train_precision": 0.594545870666687,
      "train_recall": 0.21372247960046645,
      "train_f1": 0.31441987719326975,
      "train_accuracy": 0.4041341751335767
    },
    {
      "epoch": 6,
      "val_precision": 0.5827417161945363,
      "val_recall": 0.2094294417263834,
      "map50": 0.3967387856064711,
      "map50_95": 0.25663505252318236,
      "val_f1": 0.30812349344705514,
      "val_accuracy": 0.3960855789604598,
      "train_loss": 0.0,
      "val_loss": 0.0,
      "lr": 0.001,
      "focal_loss": 0.1,
      "iou_loss": 0.05,
      "box_loss": 0.15,
      "small_object_recall": 0.23037238589902176,
      "occlusion_aware_f1": 0.3235296681194079,
      "train_precision": 0.594396550518427,
      "train_recall": 0.21361803056091105,
      "train_f1": 0.31428596331599623,
      "train_accuracy": 0.404007290539669
    }
  ],
  "total_epochs": 6,
  "final_results": {
    "map50": 0.3967387856064711,
    "map50_95": 0.25663505252318236,
    "precision": 0.5827417161945363,
    "recall": 0.2094294417263834
  }
}